,Symbol,BoardMeetingDate,Purpose
9,ACC,21-Apr-2020,Financial Results
19,BEARDSELL,25-Jun-2020,Financial Results
13,DRREDDY,13-May-2020,Financial Results/Dividend
8,HDFCBANK,18-Apr-2020,Financial Results/Dividend
10,MAHEPC,24-Apr-2020,Financial Results
11,PERSISTENT,25-Apr-2020,Financial Results/Dividend
12,PRSMJOHNSN,12-May-2020,Financial Results
2,PSB,15-Apr-2020,Fund Raising
14,RANEENGINE,18-May-2020,Financial Results
18,RANEHOLDIN,27-May-2020,Financial Results
15,RBL,19-May-2020,Financial Results
17,RML,20-May-2020,Financial Results
0,TATASTEEL,13-Apr-2020,Fund Raising
16,TCI,19-May-2020,Financial Results
5,TCNSBRANDS,16-Apr-2020,Other business matters
6,TCS,16-Apr-2020,Financial Results/Dividend
3,WIPRO,15-Apr-2020,Financial Results/Dividend
